,trend,p-value,tau,Project ID,visit_no
0,increasing,7.420246237055395e-05,0.6425059476605869,GV3647,1.0
1,increasing,0.00021869743562086263,0.32910042460748495,FM2255,1.0
2,no trend,0.5242374284396902,-0.06170446251295165,JV3994,1.0
3,increasing,0.0002635117212179683,0.7204114153266695,DA1324,1.0
4,increasing,3.453222600757755e-06,0.4983633475141008,BY1872,1.0
5,increasing,4.75347362911549e-05,0.7505494505494505,WR2446,1.0
6,increasing,0.03753801437085058,0.21945675057799363,WA0589,1.0
7,no trend,0.8210077729479281,0.03758079409048938,QF1860,2.0
8,no trend,0.17473991248715448,0.2496484144626412,AH3026,4.0
