,measure,TP,FP,FN,TN,sum,PPV,NPV,Sensitivity,Specificity
0,var_hr,16,228,99,1690,2033,0.06557377049180328,0.9446618222470654,0.1391304347826087,0.881126173096976
1,var_rr,16,155,86,1484,1741,0.0935672514619883,0.9452229299363057,0.1568627450980392,0.9054301403294692
2,var_abf,11,153,57,1127,1348,0.06707317073170732,0.9518581081081081,0.16176470588235295,0.88046875
3,ac_hr,15,98,101,1820,2034,0.13274336283185842,0.9474232170744404,0.12931034482758622,0.948905109489051
4,ac_rr,7,81,98,1558,1744,0.07954545454545454,0.9408212560386473,0.06666666666666667,0.9505796217205613
5,ac_abf,6,66,61,1214,1347,0.08333333333333333,0.952156862745098,0.08955223880597014,0.9484375
