,measure,TP,FP,FN,TN,sum,PPV,NPV,Sensitivity,Specificity
0,var_hr,21,228,91,1690,2030,0.08433734939759036,0.948905109489051,0.1875,0.881126173096976
1,var_rr,23,155,77,1484,1739,0.12921348314606743,0.9506726457399103,0.23,0.9054301403294692
2,var_abf,21,153,45,1127,1346,0.1206896551724138,0.96160409556314,0.3181818181818182,0.88046875
3,ac_hr,16,98,96,1820,2030,0.14035087719298245,0.9498956158663883,0.14285714285714285,0.948905109489051
4,ac_rr,10,81,89,1558,1738,0.10989010989010989,0.9459623557984214,0.10101010101010101,0.9505796217205613
5,ac_abf,9,66,57,1214,1346,0.12,0.955153422501967,0.13636363636363635,0.9484375
